Área;Responsável;Indicador;Impacto DIRETO;Tipo N;Meta;Resultado;Mês texto;Ano;Status
Compras;Laura Emanuele;Performance de reposição de MP BIZA;Produção;N3;S/ Indicador;S/ Indicador;Janeiro;2025;Indefinido
Compras;Laura Emanuele;Performance de reposição de MP BIZA;Produção;N3;S/ Indicador;S/ Indicador;Fevereiro;2025;Indefinido
Compras;Laura Emanuele;Performance de reposição de MP BIZA;Produção;N3;S/ meta;S/ meta;Março;2025;Indefinido
Compras;Laura Emanuele;Performance de reposição de MP BIZA;Produção;N3;S/ meta;S/ meta;Abril;2025;Indefinido
Compras;Laura Emanuele;Performance de reposição de MP BIZA;Produção;N3;S/ meta;S/ meta;Maio;2025;Indefinido
Compras;Laura Emanuele;Performance de reposição de MP BIZA;Produção;N3;S/ meta;S/ meta;Junho;2025;Indefinido
Compras;Laura Emanuele;Performance de reposição de MP BIZA;Produção;N3;S/ meta;S/ meta;Julho;2025;Indefinido
Compras;Laura Emanuele;Performance de reposição de MP BIZA;Produção;N3;S/ meta;S/ meta;Agosto;2025;Indefinido
Compras;Laura Emanuele;Performance de reposição de MP BIZA;Produção;N3;S/ meta;S/ meta;Setembro;2025;Indefinido
Compras;Laura Emanuele;Performance de reposição de MP BIZA;Produção;N3;S/ meta;S/ meta;Outubro;2025;Indefinido
Compras;Laura Emanuele;Performance de reposição de MP BIZA;Produção;N3;S/ meta;S/ meta;Novembro;2025;Indefinido
Compras;Laura Emanuele;Performance de reposição de MP BIZA;Produção;N3;S/ meta;S/ meta;Dezembro;2025;Indefinido
Eng. Produto;João Leopoldo;Demanda Orçamentos de Internalização?;Carteira Biza;N2/N3;S/ meta;505;Janeiro;2025;Indefinido
Eng. Produto;João Leopoldo;Demanda Orçamentos de Internalização?;Carteira Biza;N2/N3;S/ meta;541;Fevereiro;2025;Indefinido
Eng. Produto;João Leopoldo;Demanda Orçamentos de Internalização?;Carteira Biza;N2/N3;S/ meta;601;Março;2025;Indefinido
Eng. Produto;João Leopoldo;Demanda Orçamentos de Internalização?;Carteira Biza;N2/N3;S/ meta;615;Abril;2025;Indefinido
Eng. Produto;João Leopoldo;Demanda Orçamentos de Internalização?;Carteira Biza;N2/N3;S/ meta;640;Maio;2025;Indefinido
Eng. Produto;João Leopoldo;Demanda Orçamentos de Internalização?;Carteira Biza;N2/N3;S/ meta;686;Junho;2025;Indefinido
Eng. Produto;João Leopoldo;Demanda Orçamentos de Internalização?;Carteira Biza;N2/N3;S/ meta;686;Julho;2025;Indefinido
Eng. Produto;João Leopoldo;Demanda Orçamentos de Internalização?;Carteira Biza;N2/N3;S/ meta;716;Agosto;2025;Indefinido
Eng. Produto;João Leopoldo;Demanda Orçamentos de Internalização?;Carteira Biza;N2/N3;S/ meta;722;Setembro;2025;Indefinido
Eng. Produto;João Leopoldo;Demanda Orçamentos de Internalização?;Carteira Biza;N2/N3;S/ meta;740;Outubro;2025;Indefinido
Eng. Produto;João Leopoldo;Demanda Orçamentos de Internalização?;Carteira Biza;N2/N3;S/ meta;-;Novembro;2025;Indefinido
Eng. Produto;João Leopoldo;Demanda Orçamentos de Internalização?;Carteira Biza;N2/N3;S/ meta;-;Dezembro;2025;Indefinido
Eng. Produto;João Leopoldo;Percentual de Itens Novos Produzidos no Mês?;Carteira Biza;N3;12%;9%;Janeiro;2025;Ñ Atingido
Eng. Produto;João Leopoldo;Percentual de Itens Novos Produzidos no Mês?;Carteira Biza;N3;12%;29%;Fevereiro;2025;Atingido
Eng. Produto;João Leopoldo;Percentual de Itens Novos Produzidos no Mês?;Carteira Biza;N3;12%;2%;Março;2025;Ñ Atingido
Eng. Produto;João Leopoldo;Percentual de Itens Novos Produzidos no Mês?;Carteira Biza;N3;12%;3%;Abril;2025;Ñ Atingido
Eng. Produto;João Leopoldo;Percentual de Itens Novos Produzidos no Mês?;Carteira Biza;N3;12%;6%;Maio;2025;Ñ Atingido
Eng. Produto;João Leopoldo;Percentual de Itens Novos Produzidos no Mês?;Carteira Biza;N3;12%;10%;Junho;2025;Ñ Atingido
Eng. Produto;João Leopoldo;Percentual de Itens Novos Produzidos no Mês?;Carteira Biza;N3;12%;5%;Julho;2025;Ñ Atingido
Eng. Produto;João Leopoldo;Percentual de Itens Novos Produzidos no Mês?;Carteira Biza;N3;12%;2%;Agosto;2025;Ñ Atingido
Eng. Produto;João Leopoldo;Percentual de Itens Novos Produzidos no Mês?;Carteira Biza;N3;12%;11%;Setembro;2025;Ñ Atingido
Eng. Produto;João Leopoldo;Percentual de Itens Novos Produzidos no Mês?;Carteira Biza;N3;12%;28%;Outubro;2025;Atingido
Eng. Produto;João Leopoldo;Percentual de Itens Novos Produzidos no Mês?;Carteira Biza;N3;12%;-;Novembro;2025;-
Eng. Produto;João Leopoldo;Percentual de Itens Novos Produzidos no Mês?;Carteira Biza;N3;12%;-;Dezembro;2025;-
Eng. Produto;João Leopoldo;Demandas de Orçamentos Entregues no Mês;Carteira Biza;N3;S/ meta;-;Janeiro;2025;Indefinido
Eng. Produto;João Leopoldo;Demandas de Orçamentos Entregues no Mês;Carteira Biza;N3;S/ meta;-;Fevereiro;2025;Indefinido
Eng. Produto;João Leopoldo;Demandas de Orçamentos Entregues no Mês;Carteira Biza;N3;S/ meta;15;Março;2025;Indefinido
Eng. Produto;João Leopoldo;Demandas de Orçamentos Entregues no Mês;Carteira Biza;N3;S/ meta;312;Abril;2025;Indefinido
Eng. Produto;João Leopoldo;Demandas de Orçamentos Entregues no Mês;Carteira Biza;N3;S/ meta;192;Maio;2025;Indefinido
Eng. Produto;João Leopoldo;Demandas de Orçamentos Entregues no Mês;Carteira Biza;N3;S/ meta;241;Junho;2025;Indefinido
Eng. Produto;João Leopoldo;Demandas de Orçamentos Entregues no Mês;Carteira Biza;N3;S/ meta;206;Julho;2025;Indefinido
Eng. Produto;João Leopoldo;Demandas de Orçamentos Entregues no Mês;Carteira Biza;N3;S/ meta;171;Agosto;2025;Indefinido
Eng. Produto;João Leopoldo;Demandas de Orçamentos Entregues no Mês;Carteira Biza;N3;S/ meta;255;Setembro;2025;Indefinido
Eng. Produto;João Leopoldo;Demandas de Orçamentos Entregues no Mês;Carteira Biza;N3;S/ meta;99;Outubro;2025;Indefinido
Eng. Produto;João Leopoldo;Demandas de Orçamentos Entregues no Mês;Carteira Biza;N3;S/ meta;38;Novembro;2025;Indefinido
Eng. Produto;João Leopoldo;Demandas de Orçamentos Entregues no Mês;Carteira Biza;N3;S/ meta;-;Dezembro;2025;Indefinido
Qualidade Produto;Diogo Rosa;Índice de Garantia procedente BIZA;Salário Variável;N3;0,60%;0,02%;Janeiro;2025;Atingido
Qualidade Produto;Diogo Rosa;Índice de Garantia procedente BIZA;Salário Variável;N3;0,60%;0,05%;Fevereiro;2025;Atingido
Qualidade Produto;Diogo Rosa;Índice de Garantia procedente BIZA;Salário Variável;N3;0,60%;0,04%;Março;2025;Atingido
Qualidade Produto;Diogo Rosa;Índice de Garantia procedente BIZA;Salário Variável;N3;0,60%;0,10%;Abril;2025;Atingido
Qualidade Produto;Diogo Rosa;Índice de Garantia procedente BIZA;Salário Variável;N3;0,60%;0,03%;Maio;2025;Atingido
Qualidade Produto;Diogo Rosa;Índice de Garantia procedente BIZA;Salário Variável;N3;0,60%;0,04%;Junho;2025;Atingido
Qualidade Produto;Diogo Rosa;Índice de Garantia procedente BIZA;Salário Variável;N3;0,60%;0,20%;Julho;2025;Atingido
Qualidade Produto;Diogo Rosa;Índice de Garantia procedente BIZA;Salário Variável;N3;0,60%;0,07%;Agosto;2025;Atingido
Qualidade Produto;Diogo Rosa;Índice de Garantia procedente BIZA;Salário Variável;N3;0,60%;0,25%;Setembro;2025;Atingido
Qualidade Produto;Diogo Rosa;Índice de Garantia procedente BIZA;Salário Variável;N3;0,60%;0,05%;Outubro;2025;Atingido
Qualidade Produto;Diogo Rosa;Índice de Garantia procedente BIZA;Salário Variável;N3;0,60%;-;Novembro;2025;-
Qualidade Produto;Diogo Rosa;Índice de Garantia procedente BIZA;Salário Variável;N3;0,60%;-;Dezembro;2025;-
Melhoria e 5S;Diogo Rosa;Quantidade de melhorias – Meta PLR;PLR;N3;2;1;Janeiro;2025;Ñ Atingido
Melhoria e 5S;Diogo Rosa;Quantidade de melhorias – Meta PLR;PLR;N3;2;0;Fevereiro;2025;Ñ Atingido
Melhoria e 5S;Diogo Rosa;Quantidade de melhorias – Meta PLR;PLR;N3;2;0;Março;2025;Ñ Atingido
Melhoria e 5S;Diogo Rosa;Quantidade de melhorias – Meta PLR;PLR;N3;2;1;Abril;2025;Ñ Atingido
Melhoria e 5S;Diogo Rosa;Quantidade de melhorias – Meta PLR;PLR;N3;2;3;Maio;2025;Atingido
Melhoria e 5S;Diogo Rosa;Quantidade de melhorias – Meta PLR;PLR;N3;2;8;Junho;2025;Atingido
Melhoria e 5S;Diogo Rosa;Quantidade de melhorias – Meta PLR;PLR;N3;3;4;Julho;2025;Atingido
Melhoria e 5S;Diogo Rosa;Quantidade de melhorias – Meta PLR;PLR;N3;3;3;Agosto;2025;Atingido
Melhoria e 5S;Diogo Rosa;Quantidade de melhorias – Meta PLR;PLR;N3;3;4;Setembro;2025;Atingido
Melhoria e 5S;Diogo Rosa;Quantidade de melhorias – Meta PLR;PLR;N3;3;3;Outubro;2025;Atingido
Melhoria e 5S;Diogo Rosa;Quantidade de melhorias – Meta PLR;PLR;N3;3;4;Novembro;2025;Atingido
Melhoria e 5S;Diogo Rosa;Quantidade de melhorias – Meta PLR;PLR;N3;3;-;Dezembro;2025;-
SGA;Diogo Rosa;Performance do Atendimento as Obrigações Legais Mês?;Conformidade Legal;N3;98,00%;88,92%;Janeiro;2025;Ñ Atingido
SGA;Diogo Rosa;Performance do Atendimento as Obrigações Legais Mês?;Conformidade Legal;N3;98,00%;89,57%;Fevereiro;2025;Ñ Atingido
SGA;Diogo Rosa;Performance do Atendimento as Obrigações Legais Mês?;Conformidade Legal;N3;98,00%;89,77%;Março;2025;Ñ Atingido
SGA;Diogo Rosa;Performance do Atendimento as Obrigações Legais Mês?;Conformidade Legal;N3;98,00%;90,24%;Abril;2025;Ñ Atingido
SGA;Diogo Rosa;Performance do Atendimento as Obrigações Legais Mês?;Conformidade Legal;N3;98,00%;93,02%;Maio;2025;Ñ Atingido
SGA;Diogo Rosa;Performance do Atendimento as Obrigações Legais Mês?;Conformidade Legal;N3;98,00%;94,75%;Junho;2025;Ñ Atingido
SGA;Diogo Rosa;Performance do Atendimento as Obrigações Legais Mês?;Conformidade Legal;N3;98,00%;95,04%;Julho;2025;Ñ Atingido
SGA;Diogo Rosa;Performance do Atendimento as Obrigações Legais Mês?;Conformidade Legal;N3;98,00%;95,09%;Agosto;2025;Ñ Atingido
SGA;Diogo Rosa;Performance do Atendimento as Obrigações Legais Mês?;Conformidade Legal;N3;98,00%;95,38%;Setembro;2025;Ñ Atingido
SGA;Diogo Rosa;Performance do Atendimento as Obrigações Legais Mês?;Conformidade Legal;N3;98,00%;98,28%;Outubro;2025;Atingido
SGA;Diogo Rosa;Performance do Atendimento as Obrigações Legais Mês?;Conformidade Legal;N3;98,00%;-;Novembro;2025;-
SGA;Diogo Rosa;Performance do Atendimento as Obrigações Legais Mês?;Conformidade Legal;N3;98,00%;-;Dezembro;2025;-
SGI;Diogo Rosa;Quantidade e percentual de NC's encerradas dentro do prazo;Conformidade Legal;N3;80,00%;100,00%;Janeiro;2025;Atingido
SGI;Diogo Rosa;Quantidade e percentual de NC's encerradas dentro do prazo;Conformidade Legal;N3;80,00%;22,22%;Fevereiro;2025;Ñ Atingido
SGI;Diogo Rosa;Quantidade e percentual de NC's encerradas dentro do prazo;Conformidade Legal;N3;80,00%;37,50%;Março;2025;Ñ Atingido
SGI;Diogo Rosa;Quantidade e percentual de NC's encerradas dentro do prazo;Conformidade Legal;N3;80,00%;11,11%;Abril;2025;Ñ Atingido
SGI;Diogo Rosa;Quantidade e percentual de NC's encerradas dentro do prazo;Conformidade Legal;N3;80,00%;38,46%;Maio;2025;Ñ Atingido
SGI;Diogo Rosa;Quantidade e percentual de NC's encerradas dentro do prazo;Conformidade Legal;N3;80,00%;83,33%;Junho;2025;Atingido
SGI;Diogo Rosa;Quantidade e percentual de NC's encerradas dentro do prazo;Conformidade Legal;N3;80,00%;33,33%;Julho;2025;Ñ Atingido
SGI;Diogo Rosa;Quantidade e percentual de NC's encerradas dentro do prazo;Conformidade Legal;N3;80,00%;40,00%;Agosto;2025;Ñ Atingido
SGI;Diogo Rosa;Quantidade e percentual de NC's encerradas dentro do prazo;Conformidade Legal;N3;80,00%;22,22%;Setembro;2025;Ñ Atingido
SGI;Diogo Rosa;Quantidade e percentual de NC's encerradas dentro do prazo;Conformidade Legal;N3;80,00%;71,43%;Outubro;2025;Ñ Atingido
SGI;Diogo Rosa;Quantidade e percentual de NC's encerradas dentro do prazo;Conformidade Legal;N3;80,00%;30,00%;Novembro;2025;Ñ Atingido
SGI;Diogo Rosa;Quantidade e percentual de NC's encerradas dentro do prazo;Conformidade Legal;N3;80,00%;-;Dezembro;2025;-
Gestão de Resíduos;Diogo Rosa;Geração de Resíduos de Sucata?;PGRS;N3;S/ Meta;8740;Janeiro;2025;Indefinido
Gestão de Resíduos;Diogo Rosa;Geração de Resíduos de Sucata?;PGRS;N3;S/ Meta;13200;Fevereiro;2025;Indefinido
Gestão de Resíduos;Diogo Rosa;Geração de Resíduos de Sucata?;PGRS;N3;S/ Meta;12070;Março;2025;Indefinido
Gestão de Resíduos;Diogo Rosa;Geração de Resíduos de Sucata?;PGRS;N3;S/ Meta;18300;Abril;2025;Indefinido
Gestão de Resíduos;Diogo Rosa;Geração de Resíduos de Sucata?;PGRS;N3;S/ Meta;15240;Maio;2025;Indefinido
Gestão de Resíduos;Diogo Rosa;Geração de Resíduos de Sucata?;PGRS;N3;S/ Meta;12890;Junho;2025;Indefinido
Gestão de Resíduos;Diogo Rosa;Geração de Resíduos de Sucata?;PGRS;N3;S/ Meta;16310;Julho;2025;Indefinido
Gestão de Resíduos;Diogo Rosa;Geração de Resíduos de Sucata?;PGRS;N3;S/ Meta;19040;Agosto;2025;Indefinido
Gestão de Resíduos;Diogo Rosa;Geração de Resíduos de Sucata?;PGRS;N3;S/ Meta;19980;Setembro;2025;Indefinido
Gestão de Resíduos;Diogo Rosa;Geração de Resíduos de Sucata?;PGRS;N3;S/ Meta;20990;Outubro;2025;Indefinido
Gestão de Resíduos;Diogo Rosa;Geração de Resíduos de Sucata?;PGRS;N3;S/ Meta;-;Novembro;2025;-
Gestão de Resíduos;Diogo Rosa;Geração de Resíduos de Sucata?;PGRS;N3;S/ Meta;-;Dezembro;2025;-
Gestão de Resíduos;Diogo Rosa;Geração de Resíduos Sólidos Contaminados?;PGRS;N3;S/ Meta;0;Janeiro;2025;Indefinido
Gestão de Resíduos;Diogo Rosa;Geração de Resíduos Sólidos Contaminados?;PGRS;N3;S/ Meta;3000;Fevereiro;2025;Indefinido
Gestão de Resíduos;Diogo Rosa;Geração de Resíduos Sólidos Contaminados?;PGRS;N3;S/ Meta;2300;Março;2025;Indefinido
Gestão de Resíduos;Diogo Rosa;Geração de Resíduos Sólidos Contaminados?;PGRS;N3;S/ Meta;3000;Abril;2025;Indefinido
Gestão de Resíduos;Diogo Rosa;Geração de Resíduos Sólidos Contaminados?;PGRS;N3;S/ Meta;1500;Maio;2025;Indefinido
Gestão de Resíduos;Diogo Rosa;Geração de Resíduos Sólidos Contaminados?;PGRS;N3;S/ Meta;0;Junho;2025;Indefinido
Gestão de Resíduos;Diogo Rosa;Geração de Resíduos Sólidos Contaminados?;PGRS;N3;S/ Meta;1900;Julho;2025;Indefinido
Gestão de Resíduos;Diogo Rosa;Geração de Resíduos Sólidos Contaminados?;PGRS;N3;S/ Meta;4100;Agosto;2025;Indefinido
Gestão de Resíduos;Diogo Rosa;Geração de Resíduos Sólidos Contaminados?;PGRS;N3;S/ Meta;0;Setembro;2025;Indefinido
Gestão de Resíduos;Diogo Rosa;Geração de Resíduos Sólidos Contaminados?;PGRS;N3;S/ Meta;2500;Outubro;2025;Indefinido
Gestão de Resíduos;Diogo Rosa;Geração de Resíduos Sólidos Contaminados?;PGRS;N3;S/ Meta;-;Novembro;2025;-
Gestão de Resíduos;Diogo Rosa;Geração de Resíduos Sólidos Contaminados?;PGRS;N3;S/ Meta;-;Dezembro;2025;-
Gestão de Resíduos;Diogo Rosa;Geração de Resíduos Líquidos Contaminados;PGRS;N3;S/ Meta;376;Janeiro;2025;Indefinido
Gestão de Resíduos;Diogo Rosa;Geração de Resíduos Líquidos Contaminados;PGRS;N3;S/ Meta;747;Fevereiro;2025;Indefinido
Gestão de Resíduos;Diogo Rosa;Geração de Resíduos Líquidos Contaminados;PGRS;N3;S/ Meta;419;Março;2025;Indefinido
Gestão de Resíduos;Diogo Rosa;Geração de Resíduos Líquidos Contaminados;PGRS;N3;S/ Meta;527;Abril;2025;Indefinido
Gestão de Resíduos;Diogo Rosa;Geração de Resíduos Líquidos Contaminados;PGRS;N3;S/ Meta;544;Maio;2025;Indefinido
Gestão de Resíduos;Diogo Rosa;Geração de Resíduos Líquidos Contaminados;PGRS;N3;S/ Meta;355;Junho;2025;Indefinido
Gestão de Resíduos;Diogo Rosa;Geração de Resíduos Líquidos Contaminados;PGRS;N3;S/ Meta;590;Julho;2025;Indefinido
Gestão de Resíduos;Diogo Rosa;Geração de Resíduos Líquidos Contaminados;PGRS;N3;S/ Meta;657;Agosto;2025;Indefinido
Gestão de Resíduos;Diogo Rosa;Geração de Resíduos Líquidos Contaminados;PGRS;N3;S/ Meta;450;Setembro;2025;Indefinido
Gestão de Resíduos;Diogo Rosa;Geração de Resíduos Líquidos Contaminados;PGRS;N3;S/ Meta;335;Outubro;2025;Indefinido
Gestão de Resíduos;Diogo Rosa;Geração de Resíduos Líquidos Contaminados;PGRS;N3;S/ Meta;-;Novembro;2025;-
Gestão de Resíduos;Diogo Rosa;Geração de Resíduos Líquidos Contaminados;PGRS;N3;S/ Meta;-;Dezembro;2025;-
Gestão de Materiais;Jesiel Lima;Acuracidade de Estoque ?;Salário Variável;N2/N3;94,00%;95,00%;Janeiro;2025;Atingido
Gestão de Materiais;Jesiel Lima;Acuracidade de Estoque ?;Salário Variável;N2/N3;94,00%;95,57%;Fevereiro;2025;Atingido
Gestão de Materiais;Jesiel Lima;Acuracidade de Estoque ?;Salário Variável;N2/N3;94,00%;94,23%;Março;2025;Atingido
Gestão de Materiais;Jesiel Lima;Acuracidade de Estoque ?;Salário Variável;N2/N3;94,00%;95,61%;Abril;2025;Atingido
Gestão de Materiais;Jesiel Lima;Acuracidade de Estoque ?;Salário Variável;N2/N3;94,00%;100,00%;Maio;2025;Atingido
Gestão de Materiais;Jesiel Lima;Acuracidade de Estoque ?;Salário Variável;N2/N3;94,00%;96,00%;Junho;2025;Atingido
Gestão de Materiais;Jesiel Lima;Acuracidade de Estoque ?;Salário Variável;N2/N3;94,00%;95,00%;Julho;2025;Atingido
Gestão de Materiais;Jesiel Lima;Acuracidade de Estoque ?;Salário Variável;N2/N3;94,00%;95,00%;Agosto;2025;Atingido
Gestão de Materiais;Jesiel Lima;Acuracidade de Estoque ?;Salário Variável;N2/N3;94,00%;86,00%;Setembro;2025;Ñ Atingido
Gestão de Materiais;Jesiel Lima;Acuracidade de Estoque ?;Salário Variável;N2/N3;94,00%;95,05%;Outubro;2025;Atingido
Gestão de Materiais;Jesiel Lima;Acuracidade de Estoque ?;Salário Variável;N2/N3;94,00%;-;Novembro;2025;-
Gestão de Materiais;Jesiel Lima;Acuracidade de Estoque ?;Salário Variável;N2/N3;94,00%;-;Dezembro;2025;-
Gestão de Materiais;Jesiel Lima;Percentual e Valores de Itens sem movimentação de Estoque a mais de um ano?;Custo de Estoque;N2/N3;2%;4,78%;Janeiro;2025;Atingido
Gestão de Materiais;Jesiel Lima;Percentual e Valores de Itens sem movimentação de Estoque a mais de um ano?;Custo de Estoque;N2/N3;2%;4,64%;Fevereiro;2025;Atingido
Gestão de Materiais;Jesiel Lima;Percentual e Valores de Itens sem movimentação de Estoque a mais de um ano?;Custo de Estoque;N2/N3;2%;4,98%;Março;2025;Atingido
Gestão de Materiais;Jesiel Lima;Percentual e Valores de Itens sem movimentação de Estoque a mais de um ano?;Custo de Estoque;N2/N3;2%;6,12%;Abril;2025;Atingido
Gestão de Materiais;Jesiel Lima;Percentual e Valores de Itens sem movimentação de Estoque a mais de um ano?;Custo de Estoque;N2/N3;2%;4,92%;Maio;2025;Atingido
Gestão de Materiais;Jesiel Lima;Percentual e Valores de Itens sem movimentação de Estoque a mais de um ano?;Custo de Estoque;N2/N3;2%;5,44%;Junho;2025;Atingido
Gestão de Materiais;Jesiel Lima;Percentual e Valores de Itens sem movimentação de Estoque a mais de um ano?;Custo de Estoque;N2/N3;2%;5,73%;Julho;2025;Atingido
Gestão de Materiais;Jesiel Lima;Percentual e Valores de Itens sem movimentação de Estoque a mais de um ano?;Custo de Estoque;N2/N3;2%;2,59%;Agosto;2025;Atingido
Gestão de Materiais;Jesiel Lima;Percentual e Valores de Itens sem movimentação de Estoque a mais de um ano?;Custo de Estoque;N2/N3;2%;1,94%;Setembro;2025;Ñ Atingido
Gestão de Materiais;Jesiel Lima;Percentual e Valores de Itens sem movimentação de Estoque a mais de um ano?;Custo de Estoque;N2/N3;2%;2,16%;Outubro;2025;Atingido
Gestão de Materiais;Jesiel Lima;Percentual e Valores de Itens sem movimentação de Estoque a mais de um ano?;Custo de Estoque;N2/N3;2%;-;Novembro;2025;-
Gestão de Materiais;Jesiel Lima;Percentual e Valores de Itens sem movimentação de Estoque a mais de um ano?;Custo de Estoque;N2/N3;2%;-;Dezembro;2025;-
Gestão de Materiais;Jesiel Lima;Valor em estoque BIZA estratificado;Custo de Estoque;N2/N3; S/ Meta ;R$ 310.339,97;Janeiro;2025;Indefinido
Gestão de Materiais;Jesiel Lima;Valor em estoque BIZA estratificado;Custo de Estoque;N2/N3; S/ Meta ;R$ 287.298,00;Fevereiro;2025;Indefinido
Gestão de Materiais;Jesiel Lima;Valor em estoque BIZA estratificado;Custo de Estoque;N2/N3; S/ Meta ;R$ 293.319,61;Março;2025;Indefinido
Gestão de Materiais;Jesiel Lima;Valor em estoque BIZA estratificado;Custo de Estoque;N2/N3; S/ Meta ;R$ 334.295,19;Abril;2025;Indefinido
Gestão de Materiais;Jesiel Lima;Valor em estoque BIZA estratificado;Custo de Estoque;N2/N3; S/ Meta ;R$ 291.164,17;Maio;2025;Indefinido
Gestão de Materiais;Jesiel Lima;Valor em estoque BIZA estratificado;Custo de Estoque;N2/N3; S/ Meta ;R$ 317.071,80;Junho;2025;Indefinido
Gestão de Materiais;Jesiel Lima;Valor em estoque BIZA estratificado;Custo de Estoque;N2/N3; S/ Meta ;R$ 327.605,41;Julho;2025;Indefinido
Gestão de Materiais;Jesiel Lima;Valor em estoque BIZA estratificado;Custo de Estoque;N2/N3; S/ Meta ;R$ 150.703,02;Agosto;2025;Indefinido
Gestão de Materiais;Jesiel Lima;Valor em estoque BIZA estratificado;Custo de Estoque;N2/N3; S/ Meta ;R$ 131.488,79;Setembro;2025;Indefinido
Gestão de Materiais;Jesiel Lima;Valor em estoque BIZA estratificado;Custo de Estoque;N2/N3; S/ Meta ;R$ 155.614,56;Outubro;2025;Indefinido
Gestão de Materiais;Jesiel Lima;Valor em estoque BIZA estratificado;Custo de Estoque;N2/N3; S/ Meta ;R$ 0,00;Novembro;2025;Indefinido
Gestão de Materiais;Jesiel Lima;Valor em estoque BIZA estratificado;Custo de Estoque;N2/N3; S/ Meta ;R$ 0,00;Dezembro;2025;Indefinido
Manutenção;Alex Rodrigues;Quantidade de paradas por máquina x dias da máquina parada Mês?;Disponibilidade de Máq.;N2/N3;0%;0%;Janeiro;2025;-
Manutenção;Alex Rodrigues;Quantidade de paradas por máquina x dias da máquina parada Mês?;Disponibilidade de Máq.;N2/N3;0%;0%;Fevereiro;2025;-
Manutenção;Alex Rodrigues;Quantidade de paradas por máquina x dias da máquina parada Mês?;Disponibilidade de Máq.;N2/N3;0%;0%;Março;2025;-
Manutenção;Alex Rodrigues;Quantidade de paradas por máquina x dias da máquina parada Mês?;Disponibilidade de Máq.;N2/N3;0%;0%;Abril;2025;-
Manutenção;Alex Rodrigues;Quantidade de paradas por máquina x dias da máquina parada Mês?;Disponibilidade de Máq.;N2/N3;0%;0%;Maio;2025;-
Manutenção;Alex Rodrigues;Quantidade de paradas por máquina x dias da máquina parada Mês?;Disponibilidade de Máq.;N2/N3;0%;0%;Junho;2025;-
Manutenção;Alex Rodrigues;Quantidade de paradas por máquina x dias da máquina parada Mês?;Disponibilidade de Máq.;N2/N3;0%;0%;Julho;2025;-
Manutenção;Alex Rodrigues;Quantidade de paradas por máquina x dias da máquina parada Mês?;Disponibilidade de Máq.;N2/N3;0%;0%;Agosto;2025;-
Manutenção;Alex Rodrigues;Quantidade de paradas por máquina x dias da máquina parada Mês?;Disponibilidade de Máq.;N2/N3;0%;0%;Setembro;2025;-
Manutenção;Alex Rodrigues;Quantidade de paradas por máquina x dias da máquina parada Mês?;Disponibilidade de Máq.;N2/N3;0%;0%;Outubro;2025;-
Manutenção;Alex Rodrigues;Quantidade de paradas por máquina x dias da máquina parada Mês?;Disponibilidade de Máq.;N2/N3;0%;0%;Novembro;2025;-
Manutenção;Alex Rodrigues;Quantidade de paradas por máquina x dias da máquina parada Mês?;Disponibilidade de Máq.;N2/N3;0%;0%;Dezembro;2025;-
Manutenção;Alex Rodrigues;Manutenção Preventivas Mês;Disponibilidade de Máq.;N2/N3;S/ Meta;-;Janeiro;2025;-
Manutenção;Alex Rodrigues;Manutenção Preventivas Mês;Disponibilidade de Máq.;N2/N3;S/ Meta;-;Fevereiro;2025;-
Manutenção;Alex Rodrigues;Manutenção Preventivas Mês;Disponibilidade de Máq.;N2/N3;S/ Meta;9200%;Março;2025;Indefinido
Manutenção;Alex Rodrigues;Manutenção Preventivas Mês;Disponibilidade de Máq.;N2/N3;S/ Meta;4700%;Abril;2025;Indefinido
Manutenção;Alex Rodrigues;Manutenção Preventivas Mês;Disponibilidade de Máq.;N2/N3;S/ Meta;2600%;Maio;2025;Indefinido
Manutenção;Alex Rodrigues;Manutenção Preventivas Mês;Disponibilidade de Máq.;N2/N3;S/ Meta;7400%;Junho;2025;Indefinido
Manutenção;Alex Rodrigues;Manutenção Preventivas Mês;Disponibilidade de Máq.;N2/N3;S/ Meta;3000%;Julho;2025;Indefinido
Manutenção;Alex Rodrigues;Manutenção Preventivas Mês;Disponibilidade de Máq.;N2/N3;S/ Meta;4200%;Agosto;2025;Indefinido
Manutenção;Alex Rodrigues;Manutenção Preventivas Mês;Disponibilidade de Máq.;N2/N3;S/ Meta;9400%;Setembro;2025;Indefinido
Manutenção;Alex Rodrigues;Manutenção Preventivas Mês;Disponibilidade de Máq.;N2/N3;S/ Meta;4200%;Outubro;2025;Indefinido
Manutenção;Alex Rodrigues;Manutenção Preventivas Mês;Disponibilidade de Máq.;N2/N3;S/ Meta;-;Novembro;2025;-
Manutenção;Alex Rodrigues;Manutenção Preventivas Mês;Disponibilidade de Máq.;N2/N3;S/ Meta;-;Dezembro;2025;-
PCP;Rodrigo Gustavo;Performance de entregas BIZA (Pedidos entregues no prazo)?;Prazo de Entrega;N3;78%;68%;Janeiro;2025;Ñ Atingido
PCP;Rodrigo Gustavo;Performance de entregas BIZA (Pedidos entregues no prazo)?;Prazo de Entrega;N3;78%;82%;Fevereiro;2025;Atingido
PCP;Rodrigo Gustavo;Performance de entregas BIZA (Pedidos entregues no prazo)?;Prazo de Entrega;N3;78%;60%;Março;2025;Ñ Atingido
PCP;Rodrigo Gustavo;Performance de entregas BIZA (Pedidos entregues no prazo)?;Prazo de Entrega;N3;78%;89%;Abril;2025;Atingido
PCP;Rodrigo Gustavo;Performance de entregas BIZA (Pedidos entregues no prazo)?;Prazo de Entrega;N3;78%;77%;Maio;2025;Ñ Atingido
PCP;Rodrigo Gustavo;Performance de entregas BIZA (Pedidos entregues no prazo)?;Prazo de Entrega;N3;78%;86%;Junho;2025;Atingido
PCP;Rodrigo Gustavo;Performance de entregas BIZA (Pedidos entregues no prazo)?;Prazo de Entrega;N3;78%;81%;Julho;2025;Atingido
PCP;Rodrigo Gustavo;Performance de entregas BIZA (Pedidos entregues no prazo)?;Prazo de Entrega;N3;78%;68%;Agosto;2025;Ñ Atingido
PCP;Rodrigo Gustavo;Performance de entregas BIZA (Pedidos entregues no prazo)?;Prazo de Entrega;N3;78%;70%;Setembro;2025;Ñ Atingido
PCP;Rodrigo Gustavo;Performance de entregas BIZA (Pedidos entregues no prazo)?;Prazo de Entrega;N3;78%;82%;Outubro;2025;Atingido
PCP;Rodrigo Gustavo;Performance de entregas BIZA (Pedidos entregues no prazo)?;Prazo de Entrega;N3;78%;-;Novembro;2025;-
PCP;Rodrigo Gustavo;Performance de entregas BIZA (Pedidos entregues no prazo)?;Prazo de Entrega;N3;78%;-;Dezembro;2025;-
PCP;Rodrigo Gustavo;Programação de entrega Mensal?;Salário Variável;N2/N3;70,01%;-;Janeiro;2025;-
PCP;Rodrigo Gustavo;Programação de entrega Mensal?;Salário Variável;N2/N3;70,01%;-;Fevereiro;2025;-
PCP;Rodrigo Gustavo;Programação de entrega Mensal?;Salário Variável;N2/N3;70,01%;-;Março;2025;-
PCP;Rodrigo Gustavo;Programação de entrega Mensal?;Salário Variável;N2/N3;70,01%;-;Abril;2025;-
PCP;Rodrigo Gustavo;Programação de entrega Mensal?;Salário Variável;N2/N3;70,01%;-;Maio;2025;-
PCP;Rodrigo Gustavo;Programação de entrega Mensal?;Salário Variável;N2/N3;70,01%;-;Junho;2025;-
PCP;Rodrigo Gustavo;Programação de entrega Mensal?;Salário Variável;N2/N3;70,01%;83,00%;Julho;2025;Atingido
PCP;Rodrigo Gustavo;Programação de entrega Mensal?;Salário Variável;N2/N3;70,01%;77,78%;Agosto;2025;Atingido
PCP;Rodrigo Gustavo;Programação de entrega Mensal?;Salário Variável;N2/N3;70,01%;75,53%;Setembro;2025;Atingido
PCP;Rodrigo Gustavo;Programação de entrega Mensal?;Salário Variável;N2/N3;70,01%;89,97%;Outubro;2025;Atingido
PCP;Rodrigo Gustavo;Programação de entrega Mensal?;Salário Variável;N2/N3;70,01%;-;Novembro;2025;-
PCP;Rodrigo Gustavo;Programação de entrega Mensal?;Salário Variável;N2/N3;70,01%;-;Dezembro;2025;-
PCP;Rodrigo Gustavo;Itens entregues por Prioridade;Prazo de Entrega;N2/N3;S/ Meta;S/ Meta;Janeiro;2025;Indefinido
PCP;Rodrigo Gustavo;Itens entregues por Prioridade;Prazo de Entrega;N2/N3;S/ Meta;S/ Meta;Fevereiro;2025;Indefinido
PCP;Rodrigo Gustavo;Itens entregues por Prioridade;Prazo de Entrega;N2/N3;S/ Meta;S/ Meta;Março;2025;Indefinido
PCP;Rodrigo Gustavo;Itens entregues por Prioridade;Prazo de Entrega;N2/N3;S/ Meta;S/ Meta;Abril;2025;Indefinido
PCP;Rodrigo Gustavo;Itens entregues por Prioridade;Prazo de Entrega;N2/N3;S/ Meta;S/ Meta;Maio;2025;Indefinido
PCP;Rodrigo Gustavo;Itens entregues por Prioridade;Prazo de Entrega;N2/N3;S/ Meta;S/ Meta;Junho;2025;Indefinido
PCP;Rodrigo Gustavo;Itens entregues por Prioridade;Prazo de Entrega;N2/N3;S/ Meta;S/ Meta;Julho;2025;Indefinido
PCP;Rodrigo Gustavo;Itens entregues por Prioridade;Prazo de Entrega;N2/N3;S/ Meta;S/ Meta;Agosto;2025;Indefinido
PCP;Rodrigo Gustavo;Itens entregues por Prioridade;Prazo de Entrega;N2/N3;S/ Meta;S/ Meta;Setembro;2025;Indefinido
PCP;Rodrigo Gustavo;Itens entregues por Prioridade;Prazo de Entrega;N2/N3;S/ Meta;S/ Meta;Outubro;2025;Indefinido
PCP;Rodrigo Gustavo;Itens entregues por Prioridade;Prazo de Entrega;N2/N3;S/ Meta;S/ Meta;Novembro;2025;Indefinido
PCP;Rodrigo Gustavo;Itens entregues por Prioridade;Prazo de Entrega;N2/N3;S/ Meta;S/ Meta;Dezembro;2025;Indefinido
PCP;Rodrigo Gustavo;Status OTIF VALE em carteira inferior a 30 dias (Últimos 12 meses);Prazo de Entrega;N2;S/ Meta;84;Janeiro;2025;Indefinido
PCP;Rodrigo Gustavo;Status OTIF VALE em carteira inferior a 30 dias (Últimos 12 meses);Prazo de Entrega;N2;S/ Meta;80;Fevereiro;2025;Indefinido
PCP;Rodrigo Gustavo;Status OTIF VALE em carteira inferior a 30 dias (Últimos 12 meses);Prazo de Entrega;N2;S/ Meta;80;Março;2025;Indefinido
PCP;Rodrigo Gustavo;Status OTIF VALE em carteira inferior a 30 dias (Últimos 12 meses);Prazo de Entrega;N2;S/ Meta;80;Abril;2025;Indefinido
PCP;Rodrigo Gustavo;Status OTIF VALE em carteira inferior a 30 dias (Últimos 12 meses);Prazo de Entrega;N2;S/ Meta;99;Maio;2025;Indefinido
PCP;Rodrigo Gustavo;Status OTIF VALE em carteira inferior a 30 dias (Últimos 12 meses);Prazo de Entrega;N2;S/ Meta;135;Junho;2025;Indefinido
PCP;Rodrigo Gustavo;Status OTIF VALE em carteira inferior a 30 dias (Últimos 12 meses);Prazo de Entrega;N2;S/ Meta;102;Julho;2025;Indefinido
PCP;Rodrigo Gustavo;Status OTIF VALE em carteira inferior a 30 dias (Últimos 12 meses);Prazo de Entrega;N2;S/ Meta;78;Agosto;2025;Indefinido
PCP;Rodrigo Gustavo;Status OTIF VALE em carteira inferior a 30 dias (Últimos 12 meses);Prazo de Entrega;N2;S/ Meta;94;Setembro;2025;Indefinido
PCP;Rodrigo Gustavo;Status OTIF VALE em carteira inferior a 30 dias (Últimos 12 meses);Prazo de Entrega;N2;S/ Meta;84;Outubro;2025;Indefinido
PCP;Rodrigo Gustavo;Status OTIF VALE em carteira inferior a 30 dias (Últimos 12 meses);Prazo de Entrega;N2;S/ Meta;-;Novembro;2025;-
PCP;Rodrigo Gustavo;Status OTIF VALE em carteira inferior a 30 dias (Últimos 12 meses);Prazo de Entrega;N2;S/ Meta;-;Dezembro;2025;-
PCP;Rodrigo Gustavo;Status OTIF VALE em carteira;Prazo de Entrega;N2;90%;87%;Janeiro;2025;Ñ Atingido
PCP;Rodrigo Gustavo;Status OTIF VALE em carteira;Prazo de Entrega;N2;90%;88%;Fevereiro;2025;Ñ Atingido
PCP;Rodrigo Gustavo;Status OTIF VALE em carteira;Prazo de Entrega;N2;90%;60%;Março;2025;Ñ Atingido
PCP;Rodrigo Gustavo;Status OTIF VALE em carteira;Prazo de Entrega;N2;90%;39%;Abril;2025;Ñ Atingido
PCP;Rodrigo Gustavo;Status OTIF VALE em carteira;Prazo de Entrega;N2;90%;47%;Maio;2025;Ñ Atingido
PCP;Rodrigo Gustavo;Status OTIF VALE em carteira;Prazo de Entrega;N2;90%;50%;Junho;2025;Ñ Atingido
PCP;Rodrigo Gustavo;Status OTIF VALE em carteira;Prazo de Entrega;N2;90%;37%;Julho;2025;Ñ Atingido
PCP;Rodrigo Gustavo;Status OTIF VALE em carteira;Prazo de Entrega;N2;90%;47%;Agosto;2025;Ñ Atingido
PCP;Rodrigo Gustavo;Status OTIF VALE em carteira;Prazo de Entrega;N2;90%;33%;Setembro;2025;Ñ Atingido
PCP;Rodrigo Gustavo;Status OTIF VALE em carteira;Prazo de Entrega;N2;90%;52%;Outubro;2025;Ñ Atingido
PCP;Rodrigo Gustavo;Status OTIF VALE em carteira;Prazo de Entrega;N2;90%;-;Novembro;2025;-
PCP;Rodrigo Gustavo;Status OTIF VALE em carteira;Prazo de Entrega;N2;90%;-;Dezembro;2025;-
PCP;Rodrigo Gustavo;Valor da carteira Biza estratificada - 2025;Carteira Biza;N2;S/ Meta;S/ Meta;Janeiro;2025;Indefinido
PCP;Rodrigo Gustavo;Valor da carteira Biza estratificada - 2025;Carteira Biza;N2;S/ Meta;S/ Meta;Fevereiro;2025;Indefinido
PCP;Rodrigo Gustavo;Valor da carteira Biza estratificada - 2025;Carteira Biza;N2;S/ Meta;S/ Meta;Março;2025;Indefinido
PCP;Rodrigo Gustavo;Valor da carteira Biza estratificada - 2025;Carteira Biza;N2;S/ Meta;S/ Meta;Abril;2025;Indefinido
PCP;Rodrigo Gustavo;Valor da carteira Biza estratificada - 2025;Carteira Biza;N2;S/ Meta;S/ Meta;Maio;2025;Indefinido
PCP;Rodrigo Gustavo;Valor da carteira Biza estratificada - 2025;Carteira Biza;N2;S/ Meta;S/ Meta;Junho;2025;Indefinido
PCP;Rodrigo Gustavo;Valor da carteira Biza estratificada - 2025;Carteira Biza;N2;S/ Meta;S/ Meta;Julho;2025;Indefinido
PCP;Rodrigo Gustavo;Valor da carteira Biza estratificada - 2025;Carteira Biza;N2;S/ Meta;S/ Meta;Agosto;2025;Indefinido
PCP;Rodrigo Gustavo;Valor da carteira Biza estratificada - 2025;Carteira Biza;N2;S/ Meta;S/ Meta;Setembro;2025;Indefinido
PCP;Rodrigo Gustavo;Valor da carteira Biza estratificada - 2025;Carteira Biza;N2;S/ Meta;S/ Meta;Outubro;2025;Indefinido
PCP;Rodrigo Gustavo;Valor da carteira Biza estratificada - 2025;Carteira Biza;N2;S/ Meta;S/ Meta;Novembro;2025;Indefinido
PCP;Rodrigo Gustavo;Valor da carteira Biza estratificada - 2025;Carteira Biza;N2;S/ Meta;S/ Meta;Dezembro;2025;Indefinido
PCP;Rodrigo Gustavo;Previsão de Produção Biza - 2025;Carteira Biza;N2;S/ Meta;S/ Meta;Janeiro;2025;Indefinido
PCP;Rodrigo Gustavo;Previsão de Produção Biza - 2025;Carteira Biza;N2;S/ Meta;S/ Meta;Fevereiro;2025;Indefinido
PCP;Rodrigo Gustavo;Previsão de Produção Biza - 2025;Carteira Biza;N2;S/ Meta;S/ Meta;Março;2025;Indefinido
PCP;Rodrigo Gustavo;Previsão de Produção Biza - 2025;Carteira Biza;N2;S/ Meta;S/ Meta;Abril;2025;Indefinido
PCP;Rodrigo Gustavo;Previsão de Produção Biza - 2025;Carteira Biza;N2;S/ Meta;S/ Meta;Maio;2025;Indefinido
PCP;Rodrigo Gustavo;Previsão de Produção Biza - 2025;Carteira Biza;N2;S/ Meta;S/ Meta;Junho;2025;Indefinido
PCP;Rodrigo Gustavo;Previsão de Produção Biza - 2025;Carteira Biza;N2;S/ Meta;S/ Meta;Julho;2025;Indefinido
PCP;Rodrigo Gustavo;Previsão de Produção Biza - 2025;Carteira Biza;N2;S/ Meta;S/ Meta;Agosto;2025;Indefinido
PCP;Rodrigo Gustavo;Previsão de Produção Biza - 2025;Carteira Biza;N2;S/ Meta;S/ Meta;Setembro;2025;Indefinido
PCP;Rodrigo Gustavo;Previsão de Produção Biza - 2025;Carteira Biza;N2;S/ Meta;S/ Meta;Outubro;2025;Indefinido
PCP;Rodrigo Gustavo;Previsão de Produção Biza - 2025;Carteira Biza;N2;S/ Meta;S/ Meta;Novembro;2025;Indefinido
PCP;Rodrigo Gustavo;Previsão de Produção Biza - 2025;Carteira Biza;N2;S/ Meta;S/ Meta;Dezembro;2025;Indefinido
Pessoas;Laura Thais;Percentual de Turnover Mês?;Carteira Biza;N2/N3;S/ Meta;1%;Janeiro;2025;Indefinido
Pessoas;Laura Thais;Percentual de Turnover Mês?;Carteira Biza;N2/N3;S/ Meta;3%;Fevereiro;2025;Indefinido
Pessoas;Laura Thais;Percentual de Turnover Mês?;Carteira Biza;N2/N3;S/ Meta;6%;Março;2025;Indefinido
Pessoas;Laura Thais;Percentual de Turnover Mês?;Carteira Biza;N2/N3;S/ Meta;2%;Abril;2025;Indefinido
Pessoas;Laura Thais;Percentual de Turnover Mês?;Carteira Biza;N2/N3;S/ Meta;1%;Maio;2025;Indefinido
Pessoas;Laura Thais;Percentual de Turnover Mês?;Carteira Biza;N2/N3;S/ Meta;1%;Junho;2025;Indefinido
Pessoas;Laura Thais;Percentual de Turnover Mês?;Carteira Biza;N2/N3;S/ Meta;1%;Julho;2025;Indefinido
Pessoas;Laura Thais;Percentual de Turnover Mês?;Carteira Biza;N2/N3;S/ Meta;2%;Agosto;2025;Indefinido
Pessoas;Laura Thais;Percentual de Turnover Mês?;Carteira Biza;N2/N3;S/ Meta;2%;Setembro;2025;Indefinido
Pessoas;Laura Thais;Percentual de Turnover Mês?;Carteira Biza;N2/N3;S/ Meta;3%;Outubro;2025;Indefinido
Pessoas;Laura Thais;Percentual de Turnover Mês?;Carteira Biza;N2/N3;S/ Meta;-;Novembro;2025;-
Pessoas;Laura Thais;Percentual de Turnover Mês?;Carteira Biza;N2/N3;S/ Meta;-;Dezembro;2025;-
Pessoas;Laura Thais;Absenteísmo Mês;Salário Variável;N2/N3;4,00%;4,09%;Janeiro;2025;Ñ Atingido
Pessoas;Laura Thais;Absenteísmo Mês;Salário Variável;N2/N3;4,00%;2,59%;Fevereiro;2025;Atingido
Pessoas;Laura Thais;Absenteísmo Mês;Salário Variável;N2/N3;4,00%;2,84%;Março;2025;Atingido
Pessoas;Laura Thais;Absenteísmo Mês;Salário Variável;N2/N3;4,00%;3,98%;Abril;2025;Atingido
Pessoas;Laura Thais;Absenteísmo Mês;Salário Variável;N2/N3;4,00%;3,53%;Maio;2025;Atingido
Pessoas;Laura Thais;Absenteísmo Mês;Salário Variável;N2/N3;4,00%;4,16%;Junho;2025;Ñ Atingido
Pessoas;Laura Thais;Absenteísmo Mês;Salário Variável;N2/N3;4,00%;4,85%;Julho;2025;Ñ Atingido
Pessoas;Laura Thais;Absenteísmo Mês;Salário Variável;N2/N3;4,00%;3,94%;Agosto;2025;Atingido
Pessoas;Laura Thais;Absenteísmo Mês;Salário Variável;N2/N3;4,00%;4,35%;Setembro;2025;Ñ Atingido
Pessoas;Laura Thais;Absenteísmo Mês;Salário Variável;N2/N3;4,00%;5,06%;Outubro;2025;Ñ Atingido
Pessoas;Laura Thais;Absenteísmo Mês;Salário Variável;N2/N3;4,00%;-;Novembro;2025;-
Pessoas;Laura Thais;Absenteísmo Mês;Salário Variável;N2/N3;4,00%;-;Dezembro;2025;-
Pessoas;Fernando Tryferis;Quadro colaboradores BIZA;Informativo;N2;S/ Meta;S/ Meta;Janeiro;2025;Indefinido
Pessoas;Fernando Tryferis;Quadro colaboradores BIZA;Informativo;N2;S/ Meta;S/ Meta;Fevereiro;2025;Indefinido
Pessoas;Fernando Tryferis;Quadro colaboradores BIZA;Informativo;N2;S/ Meta;S/ Meta;Março;2025;Indefinido
Pessoas;Fernando Tryferis;Quadro colaboradores BIZA;Informativo;N2;S/ Meta;S/ Meta;Abril;2025;Indefinido
Pessoas;Fernando Tryferis;Quadro colaboradores BIZA;Informativo;N2;S/ Meta;S/ Meta;Maio;2025;Indefinido
Pessoas;Fernando Tryferis;Quadro colaboradores BIZA;Informativo;N2;S/ Meta;S/ Meta;Junho;2025;Indefinido
Pessoas;Fernando Tryferis;Quadro colaboradores BIZA;Informativo;N2;S/ Meta;S/ Meta;Julho;2025;Indefinido
Pessoas;Fernando Tryferis;Quadro colaboradores BIZA;Informativo;N2;S/ Meta;S/ Meta;Agosto;2025;Indefinido
Pessoas;Fernando Tryferis;Quadro colaboradores BIZA;Informativo;N2;S/ Meta;S/ Meta;Setembro;2025;Indefinido
Pessoas;Fernando Tryferis;Quadro colaboradores BIZA;Informativo;N2;S/ Meta;S/ Meta;Outubro;2025;Indefinido
Pessoas;Fernando Tryferis;Quadro colaboradores BIZA;Informativo;N2;S/ Meta;S/ Meta;Novembro;2025;Indefinido
Pessoas;Fernando Tryferis;Quadro colaboradores BIZA;Informativo;N2;S/ Meta;S/ Meta;Dezembro;2025;Indefinido
SST;Elcio Pase;Taxa de Frequência?;Assiduidade;N3;40;0;Janeiro;2025;Atingido
SST;Elcio Pase;Taxa de Frequência?;Assiduidade;N3;40;81,9;Fevereiro;2025;Ñ Atingido
SST;Elcio Pase;Taxa de Frequência?;Assiduidade;N3;40;88,26;Março;2025;Ñ Atingido
SST;Elcio Pase;Taxa de Frequência?;Assiduidade;N3;40;44,56;Abril;2025;Ñ Atingido
SST;Elcio Pase;Taxa de Frequência?;Assiduidade;N3;40;0;Maio;2025;Atingido
SST;Elcio Pase;Taxa de Frequência?;Assiduidade;N3;40;178,25;Junho;2025;Ñ Atingido
SST;Elcio Pase;Taxa de Frequência?;Assiduidade;N3;40;89,13;Julho;2025;Ñ Atingido
SST;Elcio Pase;Taxa de Frequência?;Assiduidade;N3;40;0;Agosto;2025;Atingido
SST;Elcio Pase;Taxa de Frequência?;Assiduidade;N3;40;43,71;Setembro;2025;Ñ Atingido
SST;Elcio Pase;Taxa de Frequência?;Assiduidade;N3;40;42,09;Outubro;2025;Ñ Atingido
SST;Elcio Pase;Taxa de Frequência?;Assiduidade;N3;40;0;Novembro;2025;Atingido
SST;Elcio Pase;Taxa de Frequência?;Assiduidade;N3;40;;Dezembro;2025;-
SST;Elcio Pase;Taxa de Gravidade;Assiduidade;N3;1000;0;Janeiro;2025;Atingido
SST;Elcio Pase;Taxa de Gravidade;Assiduidade;N3;1000;0;Fevereiro;2025;Atingido
SST;Elcio Pase;Taxa de Gravidade;Assiduidade;N3;1000;0;Março;2025;Atingido
SST;Elcio Pase;Taxa de Gravidade;Assiduidade;N3;1000;0;Abril;2025;Atingido
SST;Elcio Pase;Taxa de Gravidade;Assiduidade;N3;1000;0;Maio;2025;Atingido
SST;Elcio Pase;Taxa de Gravidade;Assiduidade;N3;1000;165,16;Junho;2025;Atingido
SST;Elcio Pase;Taxa de Gravidade;Assiduidade;N3;1000;333,95;Julho;2025;Atingido
SST;Elcio Pase;Taxa de Gravidade;Assiduidade;N3;1000;461,61;Agosto;2025;Atingido
SST;Elcio Pase;Taxa de Gravidade;Assiduidade;N3;1000;560,33;Setembro;2025;Atingido
SST;Elcio Pase;Taxa de Gravidade;Assiduidade;N3;1000;636,97;Outubro;2025;Atingido
SST;Elcio Pase;Taxa de Gravidade;Assiduidade;N3;1000;696,58;Novembro;2025;Atingido
SST;Elcio Pase;Taxa de Gravidade;Assiduidade;N3;1000;;Dezembro;2025;-
Terceiros;Leonard Robert;Valor total de itens industrializados por mês?;Carteira Biza;N3;S/ Meta;102,0 K;Janeiro;2025;Indefinido
Terceiros;Leonard Robert;Valor total de itens industrializados por mês?;Carteira Biza;N3;S/ Meta;158,2 K;Fevereiro;2025;Indefinido
Terceiros;Leonard Robert;Valor total de itens industrializados por mês?;Carteira Biza;N3;S/ Meta;122,1 K;Março;2025;Indefinido
Terceiros;Leonard Robert;Valor total de itens industrializados por mês?;Carteira Biza;N3;S/ Meta;105,9 K;Abril;2025;Indefinido
Terceiros;Leonard Robert;Valor total de itens industrializados por mês?;Carteira Biza;N3;S/ Meta;140,3 K;Maio;2025;Indefinido
Terceiros;Leonard Robert;Valor total de itens industrializados por mês?;Carteira Biza;N3;S/ Meta;124,8 K;Junho;2025;Indefinido
Terceiros;Leonard Robert;Valor total de itens industrializados por mês?;Carteira Biza;N3;S/ Meta;183,1 K;Julho;2025;Indefinido
Terceiros;Leonard Robert;Valor total de itens industrializados por mês?;Carteira Biza;N3;S/ Meta;137,5 K;Agosto;2025;Indefinido
Terceiros;Leonard Robert;Valor total de itens industrializados por mês?;Carteira Biza;N3;S/ Meta;219,6 K;Setembro;2025;Indefinido
Terceiros;Leonard Robert;Valor total de itens industrializados por mês?;Carteira Biza;N3;S/ Meta;205,3 K;Outubro;2025;Indefinido
Terceiros;Leonard Robert;Valor total de itens industrializados por mês?;Carteira Biza;N3;S/ Meta;136,9 K;Novembro;2025;Indefinido
Terceiros;Leonard Robert;Valor total de itens industrializados por mês?;Carteira Biza;N3;S/ Meta;7,5 K;Dezembro;2025;-
Terceiros;Leonard Robert;Valor total de itens terceirização por mês;Carteira Biza;N3;S/ Meta;11,2 K;Janeiro;2025;Indefinido
Terceiros;Leonard Robert;Valor total de itens terceirização por mês;Carteira Biza;N3;S/ Meta;2,4 K;Fevereiro;2025;Indefinido
Terceiros;Leonard Robert;Valor total de itens terceirização por mês;Carteira Biza;N3;S/ Meta;17,1 K;Março;2025;Indefinido
Terceiros;Leonard Robert;Valor total de itens terceirização por mês;Carteira Biza;N3;S/ Meta;0,0 K;Abril;2025;Indefinido
Terceiros;Leonard Robert;Valor total de itens terceirização por mês;Carteira Biza;N3;S/ Meta;5,0 K;Maio;2025;Indefinido
Terceiros;Leonard Robert;Valor total de itens terceirização por mês;Carteira Biza;N3;S/ Meta;0,0 K;Junho;2025;Indefinido
Terceiros;Leonard Robert;Valor total de itens terceirização por mês;Carteira Biza;N3;S/ Meta;0,1 K;Julho;2025;Indefinido
Terceiros;Leonard Robert;Valor total de itens terceirização por mês;Carteira Biza;N3;S/ Meta;10,6 K;Agosto;2025;Indefinido
Terceiros;Leonard Robert;Valor total de itens terceirização por mês;Carteira Biza;N3;S/ Meta;7,8 K;Setembro;2025;Indefinido
Terceiros;Leonard Robert;Valor total de itens terceirização por mês;Carteira Biza;N3;S/ Meta;9,8 K;Outubro;2025;Indefinido
Terceiros;Leonard Robert;Valor total de itens terceirização por mês;Carteira Biza;N3;S/ Meta;4,8 K;Novembro;2025;Indefinido
Terceiros;Leonard Robert;Valor total de itens terceirização por mês;Carteira Biza;N3;S/ Meta;0,0 K;Dezembro;2025;-
Vendas BIZA;Messias;Valores de venda Marca BIZA.?;Carteira Biza;N2/N3;3,92;3,79;Janeiro;2025;Ñ Atingido
Vendas BIZA;Messias;Valores de venda Marca BIZA.?;Carteira Biza;N2/N3;3,94;3,31;Fevereiro;2025;Ñ Atingido
Vendas BIZA;Messias;Valores de venda Marca BIZA.?;Carteira Biza;N2/N3;4,13;4,4;Março;2025;Atingido
Vendas BIZA;Messias;Valores de venda Marca BIZA.?;Carteira Biza;N2/N3;4,36;3,75;Abril;2025;Ñ Atingido
Vendas BIZA;Messias;Valores de venda Marca BIZA.?;Carteira Biza;N2/N3;4,54;3,81;Maio;2025;Ñ Atingido
Vendas BIZA;Messias;Valores de venda Marca BIZA.?;Carteira Biza;N2/N3;4,7;3,24;Junho;2025;Ñ Atingido
Vendas BIZA;Messias;Valores de venda Marca BIZA.?;Carteira Biza;N2/N3;4,9;3,93;Julho;2025;Ñ Atingido
Vendas BIZA;Messias;Valores de venda Marca BIZA.?;Carteira Biza;N2/N3;4,92;3,72;Agosto;2025;Ñ Atingido
Vendas BIZA;Messias;Valores de venda Marca BIZA.?;Carteira Biza;N2/N3;4,83;3,4;Setembro;2025;Ñ Atingido
Vendas BIZA;Messias;Valores de venda Marca BIZA.?;Carteira Biza;N2/N3;4,76;2,98;Outubro;2025;Ñ Atingido
Vendas BIZA;Messias;Valores de venda Marca BIZA.?;Carteira Biza;N2/N3;4,34;2,66;Novembro;2025;Ñ Atingido
Vendas BIZA;Messias;Valores de venda Marca BIZA.?;Carteira Biza;N2/N3;4,25;0;Dezembro;2025;-
Vendas BIZA;Messias;Vendas Marca Biza por Segmento.?;Carteira Biza;N2/N3;S/ Meta;S/ Meta;Janeiro;2025;Indefinido
Vendas BIZA;Messias;Vendas Marca Biza por Segmento.?;Carteira Biza;N2/N3;S/ Meta;S/ Meta;Fevereiro;2025;Indefinido
Vendas BIZA;Messias;Vendas Marca Biza por Segmento.?;Carteira Biza;N2/N3;S/ Meta;S/ Meta;Março;2025;Indefinido
Vendas BIZA;Messias;Vendas Marca Biza por Segmento.?;Carteira Biza;N2/N3;S/ Meta;S/ Meta;Abril;2025;Indefinido
Vendas BIZA;Messias;Vendas Marca Biza por Segmento.?;Carteira Biza;N2/N3;S/ Meta;S/ Meta;Maio;2025;Indefinido
Vendas BIZA;Messias;Vendas Marca Biza por Segmento.?;Carteira Biza;N2/N3;S/ Meta;S/ Meta;Junho;2025;Indefinido
Vendas BIZA;Messias;Vendas Marca Biza por Segmento.?;Carteira Biza;N2/N3;S/ Meta;S/ Meta;Julho;2025;Indefinido
Vendas BIZA;Messias;Vendas Marca Biza por Segmento.?;Carteira Biza;N2/N3;S/ Meta;S/ Meta;Agosto;2025;Indefinido
Vendas BIZA;Messias;Vendas Marca Biza por Segmento.?;Carteira Biza;N2/N3;S/ Meta;S/ Meta;Setembro;2025;Indefinido
Vendas BIZA;Messias;Vendas Marca Biza por Segmento.?;Carteira Biza;N2/N3;S/ Meta;S/ Meta;Outubro;2025;Indefinido
Vendas BIZA;Messias;Vendas Marca Biza por Segmento.?;Carteira Biza;N2/N3;S/ Meta;S/ Meta;Novembro;2025;Indefinido
Vendas BIZA;Messias;Vendas Marca Biza por Segmento.?;Carteira Biza;N2/N3;S/ Meta;S/ Meta;Dezembro;2025;Indefinido
Vendas BIZA;Messias;Vendas Marca Biza (Últimos 3 anos).?;Carteira Biza;N2/N3;S/ Meta;3,6M;Janeiro;2025;Indefinido
Vendas BIZA;Messias;Vendas Marca Biza (Últimos 3 anos).?;Carteira Biza;N2/N3;S/ Meta;3,3M;Fevereiro;2025;Indefinido
Vendas BIZA;Messias;Vendas Marca Biza (Últimos 3 anos).?;Carteira Biza;N2/N3;S/ Meta;4,4M;Março;2025;Indefinido
Vendas BIZA;Messias;Vendas Marca Biza (Últimos 3 anos).?;Carteira Biza;N2/N3;S/ Meta;3,8M;Abril;2025;Indefinido
Vendas BIZA;Messias;Vendas Marca Biza (Últimos 3 anos).?;Carteira Biza;N2/N3;S/ Meta;3,8M;Maio;2025;Indefinido
Vendas BIZA;Messias;Vendas Marca Biza (Últimos 3 anos).?;Carteira Biza;N2/N3;S/ Meta;3,2M;Junho;2025;Indefinido
Vendas BIZA;Messias;Vendas Marca Biza (Últimos 3 anos).?;Carteira Biza;N2/N3;S/ Meta;3,9M;Julho;2025;Indefinido
Vendas BIZA;Messias;Vendas Marca Biza (Últimos 3 anos).?;Carteira Biza;N2/N3;S/ Meta;3,7M;Agosto;2025;Indefinido
Vendas BIZA;Messias;Vendas Marca Biza (Últimos 3 anos).?;Carteira Biza;N2/N3;S/ Meta;3,4M;Setembro;2025;Indefinido
Vendas BIZA;Messias;Vendas Marca Biza (Últimos 3 anos).?;Carteira Biza;N2/N3;S/ Meta;3,0M;Outubro;2025;Indefinido
Vendas BIZA;Messias;Vendas Marca Biza (Últimos 3 anos).?;Carteira Biza;N2/N3;S/ Meta;2,7M;Novembro;2025;Indefinido
Vendas BIZA;Messias;Vendas Marca Biza (Últimos 3 anos).?;Carteira Biza;N2/N3;S/ Meta;0,0 K;Dezembro;2025;Indefinido
Vendas BIZA;Messias;Percentual de vendas marca BIZA.?;Carteira Biza;N2/N3;8%;7%;Janeiro;2025;Ñ Atingido
Vendas BIZA;Messias;Percentual de vendas marca BIZA.?;Carteira Biza;N2/N3;8%;5%;Fevereiro;2025;Ñ Atingido
Vendas BIZA;Messias;Percentual de vendas marca BIZA.?;Carteira Biza;N2/N3;8%;6%;Março;2025;Ñ Atingido
Vendas BIZA;Messias;Percentual de vendas marca BIZA.?;Carteira Biza;N2/N3;8%;6%;Abril;2025;Ñ Atingido
Vendas BIZA;Messias;Percentual de vendas marca BIZA.?;Carteira Biza;N2/N3;8%;6%;Maio;2025;Ñ Atingido
Vendas BIZA;Messias;Percentual de vendas marca BIZA.?;Carteira Biza;N2/N3;8%;6%;Junho;2025;Ñ Atingido
Vendas BIZA;Messias;Percentual de vendas marca BIZA.?;Carteira Biza;N2/N3;8%;6%;Julho;2025;Ñ Atingido
Vendas BIZA;Messias;Percentual de vendas marca BIZA.?;Carteira Biza;N2/N3;8%;5%;Agosto;2025;Ñ Atingido
Vendas BIZA;Messias;Percentual de vendas marca BIZA.?;Carteira Biza;N2/N3;8%;6%;Setembro;2025;Ñ Atingido
Vendas BIZA;Messias;Percentual de vendas marca BIZA.?;Carteira Biza;N2/N3;8%;4%;Outubro;2025;Ñ Atingido
Vendas BIZA;Messias;Percentual de vendas marca BIZA.?;Carteira Biza;N2/N3;8%;-;Novembro;2025;-
Vendas BIZA;Messias;Percentual de vendas marca BIZA.?;Carteira Biza;N2/N3;8%;-;Dezembro;2025;-
Vendas BIZA;Messias;Valores de Pedidos em Carteira.;Carteira Biza;N2/N3;R$ 7.500,00;R$ 5.477,96;Janeiro;2025;Ñ Atingido
Vendas BIZA;Messias;Valores de Pedidos em Carteira.;Carteira Biza;N2/N3;R$ 7.500,00;R$ 5.320,19;Fevereiro;2025;Ñ Atingido
Vendas BIZA;Messias;Valores de Pedidos em Carteira.;Carteira Biza;N2/N3;R$ 7.500,00;R$ 4.465,97;Março;2025;Ñ Atingido
Vendas BIZA;Messias;Valores de Pedidos em Carteira.;Carteira Biza;N2/N3;R$ 7.500,00;R$ 4.151,85;Abril;2025;Ñ Atingido
Vendas BIZA;Messias;Valores de Pedidos em Carteira.;Carteira Biza;N2/N3;R$ 7.500,00;R$ 4.733,42;Maio;2025;Ñ Atingido
Vendas BIZA;Messias;Valores de Pedidos em Carteira.;Carteira Biza;N2/N3;R$ 7.500,00;R$ 5.661,18;Junho;2025;Ñ Atingido
Vendas BIZA;Messias;Valores de Pedidos em Carteira.;Carteira Biza;N2/N3;R$ 7.500,00;R$ 5.552,16;Julho;2025;Ñ Atingido
Vendas BIZA;Messias;Valores de Pedidos em Carteira.;Carteira Biza;N2/N3;R$ 7.500,00;R$ 5.959,59;Agosto;2025;Ñ Atingido
Vendas BIZA;Messias;Valores de Pedidos em Carteira.;Carteira Biza;N2/N3;R$ 7.500,00;R$ 5.995,26;Setembro;2025;Ñ Atingido
Vendas BIZA;Messias;Valores de Pedidos em Carteira.;Carteira Biza;N2/N3;R$ 7.500,00;R$ 5.848,53;Outubro;2025;Ñ Atingido
Vendas BIZA;Messias;Valores de Pedidos em Carteira.;Carteira Biza;N2/N3;R$ 7.500,00; - ;Novembro;2025;-
Vendas BIZA;Messias;Valores de Pedidos em Carteira.;Carteira Biza;N2/N3;R$ 7.500,00; - ;Dezembro;2025;-
Gerência Fabril;Ricardo;Refugo? Interno;Prazo de Entrega;N2/N3;0,45%;0,24%;Janeiro;2025;Atingido
Gerência Fabril;Ricardo;Refugo? Interno;Prazo de Entrega;N2/N3;0,45%;0,46%;Fevereiro;2025;Ñ Atingido
Gerência Fabril;Ricardo;Refugo? Interno;Prazo de Entrega;N2/N3;0,41%;0,43%;Março;2025;Ñ Atingido
Gerência Fabril;Ricardo;Refugo? Interno;Prazo de Entrega;N2/N3;0,41%;0,30%;Abril;2025;Atingido
Gerência Fabril;Ricardo;Refugo? Interno;Prazo de Entrega;N2/N3;0,41%;0,29%;Maio;2025;Atingido
Gerência Fabril;Ricardo;Refugo? Interno;Prazo de Entrega;N2/N3;0,41%;0,33%;Junho;2025;Atingido
Gerência Fabril;Ricardo;Refugo? Interno;Prazo de Entrega;N2/N3;0,41%;0,19%;Julho;2025;Atingido
Gerência Fabril;Ricardo;Refugo? Interno;Prazo de Entrega;N2/N3;0,41%;0,35%;Agosto;2025;Atingido
Gerência Fabril;Ricardo;Refugo? Interno;Prazo de Entrega;N2/N3;0,41%;0,80%;Setembro;2025;Ñ Atingido
Gerência Fabril;Ricardo;Refugo? Interno;Prazo de Entrega;N2/N3;0,41%;0,64%;Outubro;2025;Ñ Atingido
Gerência Fabril;Ricardo;Refugo? Interno;Prazo de Entrega;N2/N3;0,41%;-;Novembro;2025;-
Gerência Fabril;Ricardo;Refugo? Interno;Prazo de Entrega;N2/N3;0,41%;-;Dezembro;2025;-
Gerência Fabril;Ricardo;Refugo? Estratificado;Prazo de Entrega;N2/N3;S/ Meta;S/ Meta;Janeiro;2025;Indefinido
Gerência Fabril;Ricardo;Refugo? Estratificado;Prazo de Entrega;N2/N3;S/ Meta;S/ Meta;Fevereiro;2025;Indefinido
Gerência Fabril;Ricardo;Refugo? Estratificado;Prazo de Entrega;N2/N3;S/ Meta;S/ Meta;Março;2025;Indefinido
Gerência Fabril;Ricardo;Refugo? Estratificado;Prazo de Entrega;N2/N3;S/ Meta;S/ Meta;Abril;2025;Indefinido
Gerência Fabril;Ricardo;Refugo? Estratificado;Prazo de Entrega;N2/N3;S/ Meta;S/ Meta;Maio;2025;Indefinido
Gerência Fabril;Ricardo;Refugo? Estratificado;Prazo de Entrega;N2/N3;S/ Meta;S/ Meta;Junho;2025;Indefinido
Gerência Fabril;Ricardo;Refugo? Estratificado;Prazo de Entrega;N2/N3;S/ Meta;S/ Meta;Julho;2025;Indefinido
Gerência Fabril;Ricardo;Refugo? Estratificado;Prazo de Entrega;N2/N3;S/ Meta;S/ Meta;Agosto;2025;Indefinido
Gerência Fabril;Ricardo;Refugo? Estratificado;Prazo de Entrega;N2/N3;S/ Meta;S/ Meta;Setembro;2025;Indefinido
Gerência Fabril;Ricardo;Refugo? Estratificado;Prazo de Entrega;N2/N3;S/ Meta;S/ Meta;Outubro;2025;Indefinido
Gerência Fabril;Ricardo;Refugo? Estratificado;Prazo de Entrega;N2/N3;S/ Meta;S/ Meta;Novembro;2025;Indefinido
Gerência Fabril;Ricardo;Refugo? Estratificado;Prazo de Entrega;N2/N3;S/ Meta;S/ Meta;Dezembro;2025;Indefinido
Gerência Fabril;Ricardo;Valor de Produção Mensal ?;Carteira Biza;N2/N3;2,44;1,9;Janeiro;2025;Ñ Atingido
Gerência Fabril;Ricardo;Valor de Produção Mensal ?;Carteira Biza;N2/N3;2,54;2,54;Fevereiro;2025;Atingido
Gerência Fabril;Ricardo;Valor de Produção Mensal ?;Carteira Biza;N2/N3;2,63;1,79;Março;2025;Ñ Atingido
Gerência Fabril;Ricardo;Valor de Produção Mensal ?;Carteira Biza;N2/N3;2,74;1,85;Abril;2025;Ñ Atingido
Gerência Fabril;Ricardo;Valor de Produção Mensal ?;Carteira Biza;N2/N3;2,75;1,42;Maio;2025;Ñ Atingido
Gerência Fabril;Ricardo;Valor de Produção Mensal ?;Carteira Biza;N2/N3;2,7;1,56;Junho;2025;Ñ Atingido
Gerência Fabril;Ricardo;Valor de Produção Mensal ?;Carteira Biza;N2/N3;2,15;2,22;Julho;2025;Atingido
Gerência Fabril;Ricardo;Valor de Produção Mensal ?;Carteira Biza;N2/N3;1,93;1,58;Agosto;2025;Ñ Atingido
Gerência Fabril;Ricardo;Valor de Produção Mensal ?;Carteira Biza;N2/N3;2,08;1,52;Setembro;2025;Ñ Atingido
Gerência Fabril;Ricardo;Valor de Produção Mensal ?;Carteira Biza;N2/N3;1,82;1,97;Outubro;2025;Atingido
Gerência Fabril;Ricardo;Valor de Produção Mensal ?;Carteira Biza;N2/N3;-;-;Novembro;2025;-
Gerência Fabril;Ricardo;Valor de Produção Mensal ?;Carteira Biza;N2/N3;-;-;Dezembro;2025;-
Gerência Fabril;Ricardo;Valor de Produção Acumulado ?;Carteira Biza;N2/N3;2,44;1,9;Janeiro;2025;Ñ Atingido
Gerência Fabril;Ricardo;Valor de Produção Acumulado ?;Carteira Biza;N2/N3;4,97;4,45;Fevereiro;2025;Ñ Atingido
Gerência Fabril;Ricardo;Valor de Produção Acumulado ?;Carteira Biza;N2/N3;7,6;6,24;Março;2025;Ñ Atingido
Gerência Fabril;Ricardo;Valor de Produção Acumulado ?;Carteira Biza;N2/N3;10,34;8,09;Abril;2025;Ñ Atingido
Gerência Fabril;Ricardo;Valor de Produção Acumulado ?;Carteira Biza;N2/N3;13,09;9,51;Maio;2025;Ñ Atingido
Gerência Fabril;Ricardo;Valor de Produção Acumulado ?;Carteira Biza;N2/N3;15,79;11,07;Junho;2025;Ñ Atingido
Gerência Fabril;Ricardo;Valor de Produção Acumulado ?;Carteira Biza;N2/N3;17,94;13,29;Julho;2025;Ñ Atingido
Gerência Fabril;Ricardo;Valor de Produção Acumulado ?;Carteira Biza;N2/N3;19,88;14,87;Agosto;2025;Ñ Atingido
Gerência Fabril;Ricardo;Valor de Produção Acumulado ?;Carteira Biza;N2/N3;21,96;16,39;Setembro;2025;Ñ Atingido
Gerência Fabril;Ricardo;Valor de Produção Acumulado ?;Carteira Biza;N2/N3;23,78;18,36;Outubro;2025;Ñ Atingido
Gerência Fabril;Ricardo;Valor de Produção Acumulado ?;Carteira Biza;N2/N3;25,99;-;Novembro;2025;-
Gerência Fabril;Ricardo;Valor de Produção Acumulado ?;Carteira Biza;N2/N3;28,32;-;Dezembro;2025;-
Gerência Adm;Eberson;GGF - Relatório Controladoria;Custos;N2;41,00%;70,80%;Janeiro;2025;Ñ Atingido
Gerência Adm;Eberson;GGF - Relatório Controladoria;Custos;N2;41,00%;64,88%;Fevereiro;2025;Ñ Atingido
Gerência Adm;Eberson;GGF - Relatório Controladoria;Custos;N2;41,00%;117,04%;Março;2025;Ñ Atingido
Gerência Adm;Eberson;GGF - Relatório Controladoria;Custos;N2;41,00%;81,88%;Abril;2025;Ñ Atingido
Gerência Adm;Eberson;GGF - Relatório Controladoria;Custos;N2;41,00%;99,18%;Maio;2025;Ñ Atingido
Gerência Adm;Eberson;GGF - Relatório Controladoria;Custos;N2;41,00%;88,86%;Junho;2025;Ñ Atingido
Gerência Adm;Eberson;GGF - Relatório Controladoria;Custos;N2;41,00%;57,63%;Julho;2025;Ñ Atingido
Gerência Adm;Eberson;GGF - Relatório Controladoria;Custos;N2;41,00%;98,45%;Agosto;2025;Ñ Atingido
Gerência Adm;Eberson;GGF - Relatório Controladoria;Custos;N2;41,00%;101,52%;Setembro;2025;Ñ Atingido
Gerência Adm;Eberson;GGF - Relatório Controladoria;Custos;N2;41,00%;78,81%;Outubro;2025;Ñ Atingido
Gerência Adm;Eberson;GGF - Relatório Controladoria;Custos;N2;41,00%;-;Novembro;2025;-
Gerência Adm;Eberson;GGF - Relatório Controladoria;Custos;N2;41,00%;-;Dezembro;2025;-
Gerência Adm;Eberson;GGF - Relatório Controladoria Estratificado;Custos;N2;S/ Meta;S/ Meta;Janeiro;2025;Indefinido
Gerência Adm;Eberson;GGF - Relatório Controladoria Estratificado;Custos;N2;S/ Meta;S/ Meta;Fevereiro;2025;Indefinido
Gerência Adm;Eberson;GGF - Relatório Controladoria Estratificado;Custos;N2;S/ Meta;S/ Meta;Março;2025;Indefinido
Gerência Adm;Eberson;GGF - Relatório Controladoria Estratificado;Custos;N2;S/ Meta;S/ Meta;Abril;2025;Indefinido
Gerência Adm;Eberson;GGF - Relatório Controladoria Estratificado;Custos;N2;S/ Meta;S/ Meta;Maio;2025;Indefinido
Gerência Adm;Eberson;GGF - Relatório Controladoria Estratificado;Custos;N2;S/ Meta;S/ Meta;Junho;2025;Indefinido
Gerência Adm;Eberson;GGF - Relatório Controladoria Estratificado;Custos;N2;S/ Meta;S/ Meta;Julho;2025;Indefinido
Gerência Adm;Eberson;GGF - Relatório Controladoria Estratificado;Custos;N2;S/ Meta;S/ Meta;Agosto;2025;Indefinido
Gerência Adm;Eberson;GGF - Relatório Controladoria Estratificado;Custos;N2;S/ Meta;S/ Meta;Setembro;2025;Indefinido
Gerência Adm;Eberson;GGF - Relatório Controladoria Estratificado;Custos;N2;S/ Meta;S/ Meta;Outubro;2025;Indefinido
Gerência Adm;Eberson;GGF - Relatório Controladoria Estratificado;Custos;N2;S/ Meta;S/ Meta;Novembro;2025;Indefinido
Gerência Adm;Eberson;GGF - Relatório Controladoria Estratificado;Custos;N2;S/ Meta;S/ Meta;Dezembro;2025;Indefinido
Gerência Adm;Eberson;GGF - Relatório Controladoria Pareto;Custos;N2;S/ Meta;S/ Meta;Janeiro;2025;Indefinido
Gerência Adm;Eberson;GGF - Relatório Controladoria Pareto;Custos;N2;S/ Meta;S/ Meta;Fevereiro;2025;Indefinido
Gerência Adm;Eberson;GGF - Relatório Controladoria Pareto;Custos;N2;S/ Meta;S/ Meta;Março;2025;Indefinido
Gerência Adm;Eberson;GGF - Relatório Controladoria Pareto;Custos;N2;S/ Meta;S/ Meta;Abril;2025;Indefinido
Gerência Adm;Eberson;GGF - Relatório Controladoria Pareto;Custos;N2;S/ Meta;S/ Meta;Maio;2025;Indefinido
Gerência Adm;Eberson;GGF - Relatório Controladoria Pareto;Custos;N2;S/ Meta;S/ Meta;Junho;2025;Indefinido
Gerência Adm;Eberson;GGF - Relatório Controladoria Pareto;Custos;N2;S/ Meta;S/ Meta;Julho;2025;Indefinido
Gerência Adm;Eberson;GGF - Relatório Controladoria Pareto;Custos;N2;S/ Meta;S/ Meta;Agosto;2025;Indefinido
Gerência Adm;Eberson;GGF - Relatório Controladoria Pareto;Custos;N2;S/ Meta;S/ Meta;Setembro;2025;Indefinido
Gerência Adm;Eberson;GGF - Relatório Controladoria Pareto;Custos;N2;S/ Meta;S/ Meta;Outubro;2025;Indefinido
Gerência Adm;Eberson;GGF - Relatório Controladoria Pareto;Custos;N2;S/ Meta;S/ Meta;Novembro;2025;Indefinido
Gerência Adm;Eberson;GGF - Relatório Controladoria Pareto;Custos;N2;S/ Meta;S/ Meta;Dezembro;2025;Indefinido
Gerência Adm;Eberson;GGF Salarial - Relatório Entradas de NF;Salário Variável;N3;95,01%;61,72%;Janeiro;2025;Atingido
Gerência Adm;Eberson;GGF Salarial - Relatório Entradas de NF;Salário Variável;N3;95,01%;111,30%;Fevereiro;2025;Ñ Atingido
Gerência Adm;Eberson;GGF Salarial - Relatório Entradas de NF;Salário Variável;N3;95,01%;94,98%;Março;2025;Atingido
Gerência Adm;Eberson;GGF Salarial - Relatório Entradas de NF;Salário Variável;N3;95,01%;75,24%;Abril;2025;Atingido
Gerência Adm;Eberson;GGF Salarial - Relatório Entradas de NF;Salário Variável;N3;95,01%;66,20%;Maio;2025;Atingido
Gerência Adm;Eberson;GGF Salarial - Relatório Entradas de NF;Salário Variável;N3;95,01%;68,61%;Junho;2025;Atingido
Gerência Adm;Eberson;GGF Salarial - Relatório Entradas de NF;Salário Variável;N3;95,01%;77,65%;Julho;2025;Atingido
Gerência Adm;Eberson;GGF Salarial - Relatório Entradas de NF;Salário Variável;N3;95,01%;98,04%;Agosto;2025;Ñ Atingido
Gerência Adm;Eberson;GGF Salarial - Relatório Entradas de NF;Salário Variável;N3;95,01%;77,31%;Setembro;2025;Atingido
Gerência Adm;Eberson;GGF Salarial - Relatório Entradas de NF;Salário Variável;N3;95,01%;123,22%;Outubro;2025;Ñ Atingido
Gerência Adm;Eberson;GGF Salarial - Relatório Entradas de NF;Salário Variável;N3;95,01%;106,67%;Novembro;2025;Ñ Atingido
Gerência Adm;Eberson;GGF Salarial - Relatório Entradas de NF;Salário Variável;N3;95,01%;-;Dezembro;2025;-
